{
  "accuracy": 0.904, 
  "confidence": [
    0.9894370456903446, 
    0.9621811366704587, 
    0.44405573753583305, 
    0.9628946394579402, 
    0.9858300720085381, 
    0.9896675341785224, 
    0.7736119206535195, 
    0.6438515603835366, 
    0.9724322745032247, 
    0.9574634916995836, 
    0.9456923316671594, 
    0.8532986757149416, 
    0.8412276016859915, 
    0.810127770073958, 
    0.6706006207727724, 
    0.9794820488797639, 
    0.8568134858126315, 
    0.9279400951005469, 
    0.9632611675674865, 
    0.9859382084880319, 
    0.9875848225376564, 
    0.7830686870221335, 
    0.995410355686314, 
    0.9640999242208381, 
    0.995708487219942, 
    0.9409314652676966, 
    0.80724427261664, 
    0.9865037158411506, 
    0.7062268912294002, 
    0.7527192904084498, 
    0.8369453957428034, 
    0.8662083225723509, 
    0.9853237987838583, 
    0.7451963473310003, 
    0.8455395253318787, 
    0.9678518736201188, 
    0.585736897377218, 
    0.8630255864700416, 
    0.9696923658609071, 
    0.9889335266225585, 
    0.8649228964135961, 
    0.9651117474707721, 
    0.6083558845111324, 
    0.9007846577319839, 
    0.9627836460155264, 
    0.739111342844543, 
    0.5271271307798232, 
    0.758399022640188, 
    0.971580339495144, 
    0.9800076724850003, 
    0.8956620166091777, 
    0.6924076540439336, 
    0.5726043396637863, 
    0.9190527088729615, 
    0.8942290102362701, 
    0.7684680215851787, 
    0.9411371337780193, 
    0.8792926158998604, 
    0.9449767578905512, 
    0.8672146131613495, 
    0.6079533889419672, 
    0.6097280449061001, 
    0.9808359717166983, 
    0.5636747466668244, 
    0.9886198487276345, 
    0.9567620985869623, 
    0.9599677684320622, 
    0.6507629011246591, 
    0.985243204779356, 
    0.9887730701095623, 
    0.8538422647468205, 
    0.9701230131475472, 
    0.9031894936768544, 
    0.9339640951405119, 
    0.9480426628787182, 
    0.9710774784243532, 
    0.9818544220046014, 
    0.9516387935669759, 
    0.9696141018873655, 
    0.9845108024530833, 
    0.9202879927815731, 
    0.51442907554792, 
    0.8901102425524152, 
    0.8589478517196127, 
    0.6180259002276592, 
    0.9455216813772375, 
    0.966837803133486, 
    0.5737903922990266, 
    0.5625115388794016, 
    0.9768701290420463, 
    0.5418985965116966, 
    0.9823001508487327, 
    0.953761839363514, 
    0.9576803882481086, 
    0.9732814920973002, 
    0.7145307279969279, 
    0.8653915819633474, 
    0.931746910619903, 
    0.9672665928599952, 
    0.9700679506522825, 
    0.9763155077309734, 
    0.9760786967813604, 
    0.9481120522738046, 
    0.3564427694451014, 
    0.9114774658739486, 
    0.6394501504993644, 
    0.6470563731276536, 
    0.9177382173346287, 
    0.9851115054472861, 
    0.9407050587762515, 
    0.7549656092158366, 
    0.9765962157824343, 
    0.9171819100866653, 
    0.5647150396081878, 
    0.9361196219978963, 
    0.5298957748449703, 
    0.9479517714148494, 
    0.4019618527013297, 
    0.8356030864431498, 
    0.611728576590953, 
    0.8384779492621258, 
    0.9765107142365098, 
    0.6445339406698845, 
    0.8151603635137089, 
    0.9648112307609766, 
    0.7222617864678718, 
    0.8241905049289467, 
    0.9661472697381277, 
    0.7639980183776294, 
    0.5853866620234237, 
    0.9887504116960866, 
    0.8236440819068646, 
    0.987947675666616, 
    0.9688036302405593, 
    0.9911758662067168, 
    0.8806204834452153, 
    0.8916505577627494, 
    0.9294912940280454, 
    0.9726430187119244, 
    0.9886134514421129, 
    0.8851033213709171, 
    0.8867465383042233, 
    0.859929540837548, 
    0.9386930594864832, 
    0.9796179090057312, 
    0.8368734483186555, 
    0.9545286664049666, 
    0.8752601067857758, 
    0.9165454198838752, 
    0.8257972210612762, 
    0.976638935592675, 
    0.6846969407069438, 
    0.9661725997110995, 
    0.8947196083134049, 
    0.9538476886366419, 
    0.9907663464198682, 
    0.43453698740353414, 
    0.9923933108705728, 
    0.9619938686807371, 
    0.9818254670112356, 
    0.9877404057516611, 
    0.9501527619940652, 
    0.40255103834083333, 
    0.9838729831556773, 
    0.9783311100443522, 
    0.8249643358350479, 
    0.9211295025757174, 
    0.9760008876213344, 
    0.9875504701601262, 
    0.967371720087836, 
    0.7841979235186114, 
    0.5155379432597106, 
    0.437159418489792, 
    0.9788016301138959, 
    0.681592335393359, 
    0.8357171356061984, 
    0.9519975023536005, 
    0.9015107106344196, 
    0.7614117241844877, 
    0.9497481672906244, 
    0.9846758852176917, 
    0.9830765039690667, 
    0.6916256509025184, 
    0.8572018119639425, 
    0.6756077465346861, 
    0.5152334893779572, 
    0.934717688946376, 
    0.9694961028291535, 
    0.9810378387765021, 
    0.5671558558474358, 
    0.9688142318700725, 
    0.9549955499122483, 
    0.9655143775258187, 
    0.44651068961900325, 
    0.9376733886848683, 
    0.9847769457142217, 
    0.6304814424725529, 
    0.6106121168973394, 
    0.6507674519637364, 
    0.9688767406945994, 
    0.8815201859472036, 
    0.8405681055271564, 
    0.9644590348579188, 
    0.8818112803160162, 
    0.9931905428079303, 
    0.9633797093136593, 
    0.9431095783823402, 
    0.9509731674807553, 
    0.8819548087121529, 
    0.9931954933897953, 
    0.9011810415314131, 
    0.7895804258366247, 
    0.6803745144630357, 
    0.8738862413775784, 
    0.7655894668959989, 
    0.9889977365409286, 
    0.6073820711286391, 
    0.7295886929175815, 
    0.7267710610501006, 
    0.7186066553913573, 
    0.956115134380236, 
    0.9764919696558123, 
    0.665635780248204, 
    0.8764688779394952, 
    0.5006490431222688, 
    0.8901051914846195, 
    0.508177637648085, 
    0.9952917032719172, 
    0.6472357126464622, 
    0.9063692938147767, 
    0.9251768239484146, 
    0.6853770031812771, 
    0.8316271677865057, 
    0.9882532793287665, 
    0.975275813109157, 
    0.9287694852199173, 
    0.89416039516136, 
    0.8261745025653361, 
    0.8490366973772527, 
    0.7613789177354939, 
    0.9494933480003244, 
    0.9669472138696907, 
    0.8581808032644969, 
    0.9716769519834036, 
    0.9239940724743609, 
    0.8750681376276578, 
    0.7517816251113887, 
    0.6048450517587531, 
    0.7683968272091092, 
    0.9725944769039406, 
    0.499627119460365, 
    0.860263012004392, 
    0.6364503848465132, 
    0.511701149568878, 
    0.9786975523787481, 
    0.9034159839131891, 
    0.5855442266747796, 
    0.6757973649333762, 
    0.483000700711504, 
    0.9601769122631767, 
    0.9668925044175203, 
    0.9448834704388901, 
    0.8976421399117273, 
    0.8915636733809341, 
    0.9019249913504559, 
    0.9678396297047132, 
    0.8858448507922045, 
    0.960553489668992, 
    0.9509086243663373, 
    0.66004716090418, 
    0.9311190215178541, 
    0.9647485617659485, 
    0.8961840841518083, 
    0.8173520259573073, 
    0.9695891258415871, 
    0.8342954500735767, 
    0.9530040946128981, 
    0.9230233220244458, 
    0.9876990540685123, 
    0.9002353991051604, 
    0.6602494677201501, 
    0.8352627052077473, 
    0.9573378731080251, 
    0.9740159105468683, 
    0.8601792697843299, 
    0.840180133847412, 
    0.9530373405096791, 
    0.6465298660465648, 
    0.6204968306449115, 
    0.9654617416458087, 
    0.905687960253684, 
    0.9586437503266629, 
    0.7346554367825606, 
    0.9141382690616648, 
    0.9336687535607264, 
    0.9675487682540693, 
    0.9671532470815689, 
    0.7953504598317519, 
    0.9803868169495173, 
    0.3062099665290306, 
    0.814690553023009, 
    0.8638713090395603, 
    0.9544602584493778, 
    0.7218681144943649, 
    0.980423954654245, 
    0.6869943068342589, 
    0.9583094232445744, 
    0.7312905522714334, 
    0.9717448821304209, 
    0.6708051605224243, 
    0.9354071895919959, 
    0.9890815415219368, 
    0.8569667095321095, 
    0.977227748276014, 
    0.9783244896525863, 
    0.7830269450306371, 
    0.9611340795354422, 
    0.9411355810771452, 
    0.987411645284218, 
